{"pipeline_data": {"diameter": 512.0, "length": 900.0, "elevation_difference": 150.0, "residual_head": 30.0, "temperature": 274.0}, "product_data": [{"name": "\u0414\u0422\u041b", "density293": 835.0, "viscosity273": 11.0, "viscosity293": 6.0, "percentage": 40.0, "quantity": 3.2, "density_at_temperature": 848.77, "u": 0.030307, "viscosity_at_temperature": 10.671626}, {"name": "\u0410-76", "density293": 730.0, "viscosity273": 0.95, "viscosity293": 0.75, "percentage": 30.0, "quantity": 2.4, "density_at_temperature": 746.28, "u": 0.011819, "viscosity_at_temperature": 0.938838}, {"name": "\u0422\u0421-1", "density293": 800.0, "viscosity273": 2.5, "viscosity293": 1.25, "percentage": 30.0, "quantity": 2.4, "density_at_temperature": 814.53, "u": 0.034657, "viscosity_at_temperature": 2.414841}], "total_quantity": 8.0, "hourly_rate": 1182.452038227487, "flow_rate": 0.3284588995076353, "total_head_loss": 5076.624321402463, "velocity": 1.6, "reynolds_number": 76540.37658360983, "relative_roughness": 0.000390625, "transition_reynolds_i": 25600.0, "transition_reynolds_ii": 1280000.0, "hydraulic_resistance": 0.020802, "friction_head_loss": 4771.200315100454, "most_viscous_product": {"name": "\u0414\u0422\u041b", "density293": 835.0, "viscosity273": 11.0, "viscosity293": 6.0, "percentage": 40.0, "quantity": 3.2, "density_at_temperature": 848.77, "u": 0.030307, "viscosity_at_temperature": 10.671626}, "required_stages": 1, "selected_booster_pump": {"name": "\u041d\u041f\u0412 1250-60", "flow_rate": 1250.0, "head": 60.0, "power": 400.0, "efficiency": 76.0}, "min_diff": 17.0, "min_diff_booster": 0.0, "h_mn_main1": 209.61933508310395, "P": 5.63, "h_st": 628.8580052493119, "n": 7.9218394487506965, "selected_main_pump": {"name": "\u041d\u041c 1250-260", "flow_rate": 1250.0, "head_per_stage": 260.0, "max_stages": 1, "max_temperature": 373.0, "power_per_stage": 1250.0, "efficiency": 80.0}, "id": 13}